"id","site","job_url","job_url_direct","title","company","location","job_type","date_posted","salary_source","interval","min_amount","max_amount","currency","is_remote","job_level","job_function","company_industry","listing_type","emails","description","company_url","company_url_direct","company_addresses","company_num_employees","company_revenue","company_description","logo_photo_url","banner_photo_url","ceo_name","ceo_photo_url"
"a60c86c130ee12ed","indeed","https://www.indeed.com/viewjob?jk=a60c86c130ee12ed","http://www.indeed.com/job/delivery-driver-a60c86c130ee12ed","Delivery Driver","ETA Express","Lakewood, NJ, US","parttime","2024-09-01","direct_data","hourly",20.0,40.0,"USD",False,"","","","","","**Overview**  
We are seeking a reliable Delivery Driver to join our team. The ideal candidate will be responsible for transporting goods in a safe, timely manner while providing excellent customer service.

**Duties**  
- Safely drive company vehicles to deliver products to customers  
- Load and unload goods from the vehicle  
- Follow delivery schedules and routes efficiently  
- Provide exceptional customer service during deliveries  
- use your own car for the deliveries

- must have a clean driving record

-MAY NOT SMOKE WHILE DOING DELIVERIES

**Skills**  
- driving experience preferred  
- Ability to operate a variety of vehicles such as vans, box trucks, and manual transmission vehicles

Job Type: Part-time

Pay: $20.00 - $40.00 per hour

Expected hours: 20 – 40 per week

Work Location: In person","https://www.indeed.com/cmp/Eta-Express-3","","","","","","","","",""
"00c6453d4bf41e93","indeed","https://www.indeed.com/viewjob?jk=00c6453d4bf41e93","http://www.indeed.com/job/sales-00c6453d4bf41e93","Sales","aiksent global","Flushing, NY, US","fulltime","2024-09-01","direct_data","monthly",4000.0,15000.0,"USD",False,"","","","","actionclock30@gmail.com","**AIKSENT GLOBAL INC**

Enjoy time Enrich life is our company top work.

Job live show

Details:

1. Full time or part time

2. Showing the products on TIKTOK livestream and guide consumers' attention.

3.Good at communicate with customer on line

4.Basic Salary and commission

5.need more than 10 persons

Join Us

Address: 2nd Floor 39-01 Utopia Pkwy Flushing

NY 11358 Email: actionclock30@gmail.com

Phone: 929 720 4812 (Tommy Tang)

TEL：(929) 720-4812

Job Type: Full-time

Pay: $4,000.00 - $15,000.00 per month

Ability to Commute:

* flushing, NY 11358 (Required)

Ability to Relocate:

* flushing, NY 11358: Relocate before starting work (Required)

Work Location: In person","https://www.indeed.com/cmp/Aiksent-Global","","","","","","","","",""
"b63504685c15c6c9","indeed","https://www.indeed.com/viewjob?jk=b63504685c15c6c9","http://www.indeed.com/job/elementary-english-tutor-b63504685c15c6c9","Elementary English Tutor","QIQ Learning Academy","South Plainfield, NJ, US","parttime","2024-09-01","direct_data","hourly",20.0,30.0,"USD",False,"","","","","qiqacademys@gmail.com","**Job Title: English Tutor (K-5) - In-Person, Certified Teacher**

**Company:** QIQ Learning Academy, South Plainfield, NJ.

**Location:** 2509 Park Ave, Lower Level C, South Plainfield, New Jersey - 07080

**About Us:**

QIQ Learning Academy is a reputable educational institution dedicated to providing high-quality tutoring services to students in South Plainfield, Edison and its surrounding area. **We are currently seeking a passionate and certified English teacher to join our team and support students in grades K-5.**

**Position Overview:**

We are looking for an experienced and certified English tutor to assist elementary school students in improving their language skills. The ideal candidate will be enthusiastic about education, dedicated to student success, and able to create engaging lesson plans tailored to individual student needs.

**Responsibilities:**

- Provide in-person English tutoring sessions for students in grades K-5.

- Develop and implement personalized lesson plans to address student learning objectives.

- Assess student progress and adjust teaching methods accordingly.

- Communicate effectively with students, parents, and colleagues regarding student performance and progress.

- Maintain a positive and supportive learning environment conducive to academic growth.

**Requirements:** 

- Bachelor's degree in Education or related field.

- Valid teaching certification.

- Prior experience teaching English/language arts to elementary school students preferred.

- Excellent communication and interpersonal skills.

- Ability to work in-person according to the provided schedule.

**Benefits:**

- Competitive compensation based on experience and qualifications.

- Opportunities for professional development and growth.

- Supportive and collaborative work environment.

**How to Apply:**

If you are a dedicated and certified English teacher passionate about helping students succeed, we encourage you to apply! Please submit your resume and cover letter detailing your qualifications and teaching experience to qiqacademys@gmail.com

QIQ Tutoring Center is an equal opportunity employer and welcomes applicants from diverse backgrounds.

Job Type: Part-time

Pay: $20.00 - $30.00 per hour

Expected hours: 5 – 10 per week

Schedule:

* Evening shift
* Monday to Friday
* Weekends as needed

Experience:

* Teaching: 1 year (Required)

License/Certification:

* Teaching Certification (Preferred)

Ability to Commute:

* South Plainfield, NJ 07080 (Required)

Ability to Relocate:

* South Plainfield, NJ 07080: Relocate before starting work (Required)

Work Location: In person","https://www.indeed.com/cmp/Qiq-Learning-Academy-1","","","","","","","","",""
"05a7b84a61ef9f9a","indeed","https://www.indeed.com/viewjob?jk=05a7b84a61ef9f9a","http://www.indeed.com/job/omakase-sushi-apprentice-05a7b84a61ef9f9a","Omakase Sushi Apprentice","Neta Shari","Brooklyn, NY, US","fulltime","2024-09-01","","hourly","","","USD",False,"","","","","","Neta Shari is looking to hire a Sushi Chef Apprentice. Candidates are not required to have experience, but must have basic culinary knowledge.

Working closely with our chefs, candidates will;

Learn how to break down fish

Learn how to cook sushi rice

Learn how to slice fish

Learn how to form a nigiri sushi

Learn how to serve guests Omakase style Sushi

Job Type: Full-time

Pay: $16.00 per hour

Physical Setting:

* Upscale casual restaurant

Shift:

* Day shift
* Evening shift

Shift availability:

* Night Shift (Preferred)
* Day Shift (Preferred)

Work Location: In person","https://www.indeed.com/cmp/Neta-Shari","","","","","","","","",""
"6ec6665837e8c775","indeed","https://www.indeed.com/viewjob?jk=6ec6665837e8c775","http://www.indeed.com/job/retail-store-manager-6ec6665837e8c775","Retail Store Manager","Lids","Edison, NJ, US","fulltime","2024-09-01","","hourly","","","USD",False,"","","Consumer Goods And Services","","","Job Overview:  
We are seeking a highly motivated and experienced Store Manager to oversee the daily operations of our retail store. The Store Manager will be responsible for managing all aspects of the store, including sales, customer service, inventory control, and staff management. The ideal candidate will have a strong background in retail management and possess excellent leadership and communication skills.

Responsibilities:  
- Oversee all store operations and ensure efficient and effective functioning  
- Develop and implement strategies to drive sales and achieve targets  
- Train, coach, and motivate staff to deliver exceptional customer service  
- Monitor inventory levels and ensure accurate stock management  
- Conduct regular audits to maintain inventory accuracy  
- Handle cash register operations and ensure proper cash handling procedures are followed  
- Implement training programs to enhance employee skills and product knowledge  
- Maintain a clean and organized store environment  
- Handle customer inquiries, complaints, and escalations in a professional manner  
- Collaborate with the marketing team to develop promotional campaigns  
- Manage payroll and scheduling of staff

Qualifications:  
- Proven experience in retail management, preferably in a similar role  
- Strong knowledge of cash register operations, inventory control, and POS systems  
- Excellent leadership skills with the ability to motivate and inspire a team  
- Exceptional customer service skills with a focus on building strong customer relationships  
- Strong organizational and time management abilities  
- Excellent communication skills, both verbal and written  
- Proficient in Microsoft Office suite (Word, Excel, PowerPoint)  
- Ability to analyze sales data and make informed business decisions  
- Knowledge of market trends and competitor analysis

We offer competitive pay based on experience along with benefits such as health insurance, retirement plans, paid time off, and opportunities for career advancement. If you are a dedicated professional with a passion for retail management, we would love to hear from you!

Note: This job description is intended to provide a general overview of the position. It is not an exhaustive list of all responsibilities, duties, and skills required.

Job Type: Full-time

Pay: From $19.00 per hour

Shift:

* 8 hour shift
* Day shift
* Evening shift
* Morning shift

Experience:

* Customer service: 1 year (Preferred)

Ability to Commute:

* Edison, NJ 08837 (Required)

Ability to Relocate:

* Edison, NJ 08837: Relocate before starting work (Required)

Work Location: In person","https://www.indeed.com/cmp/Lids","http://www.lids.com","7676 Interactive Way
Indianapolis, Indiana 46278","5,001 to 10,000","$1B to $5B (USD)","For 25 years, Lids has been the leading headwear and sports apparel retailer in North America, and recently expanded internationally across Europe, Australia, and Mexico.","https://d2q79iu7y748jz.cloudfront.net/s/_squarelogo/256x256/f51bb60a0325bbc0f14239ef2a15dab5","https://d2q79iu7y748jz.cloudfront.net/s/_headerimage/1960x400/482a20baedadabdcddb216e0448c1b36","Britten Maughan",""
"2ca6b406409e0384","indeed","https://www.indeed.com/viewjob?jk=2ca6b406409e0384","https://jobs.smartrecruiters.com/Dominos/744000010660871-assistant-manager-03987-524-31st-street","Assistant Manager(03987) - 524 31st Street","Domino's","Union City, NJ, US","fulltime","2024-09-01","direct_data","yearly",36157.0,45783.0,"USD",False,"","","","","","**Job Description**  

A High School Diploma or equivalent is required for this level


Must have very good people skills and know how to manage others fairly  

Must be willing to help in all aspects of the business within the store under the guidance of the General Mgr.","https://www.indeed.com/cmp/Domino's","https://jobs.dominos.com/us/","","10,000+","$5M to $25M (USD)","Founded as a single store in 1960, DPZ is the largest pizza company in the world. From the beginning, Domino’s has been dedicated to the best of service, quality products, and delivery.","https://d2q79iu7y748jz.cloudfront.net/s/_squarelogo/256x256/19408427d07bae2d56c47d4afaf427e6","https://d2q79iu7y748jz.cloudfront.net/s/_headerimage/1960x400/a0ea7c55477668ac0dc0d7149729c0ed","Russell Weiner","https://d2q79iu7y748jz.cloudfront.net/s/_ceophoto/512x512/ac475d48636af06a85660f4fab07b17e"
"54f0e9a6621946df","indeed","https://www.indeed.com/viewjob?jk=54f0e9a6621946df","http://www.indeed.com/job/barista-54f0e9a6621946df","Barista","Bake shop in rye","Rye, NY, US","parttime","2024-09-01","direct_data","hourly",16.0,17.0,"USD",False,"","","","","","Hello! We are looking for a Counter Person/Barista to prepare and serve hot and cold beverages, including various types of coffee and tea, in addition to our treats. Barista responsibilities include educating customers on our drinks menu, making recommendations based on their preferences, up-selling special items and taking orders. To be successful in this role, you should have customer service skills and knowledge of how brewing equipment operates. We are looking for a part time employee one for mornings and one for afternoons. Perfect for students. Note: this position’s compensation includes salary and tips. Ultimately, you’ll ensure an excellent drinking and eating experience for our guests.

**Responsibilities**

* Greet customers as they enter
* Answer customer questions regarding ingredients
* Take orders while paying attention to details (e.g. preferences of coffee, dairy and sugar ratios)
* Prepare beverages following recipes
* Serve beverages and prepared food, like cookies, pastries and muffins
* Receive and process payments (cash and credit cards)
* Keep the bar area clean
* Maintain stock of clean mugs and plates
* Check if brewing equipment operates properly and report any maintenance needs
* Comply with health and safety regulations
* Communicate customer feedback to managers and recommend new menu items

**Skills**

* Previous work experience as a Barista or Waiter/Waitress
* Hands-on experience with brewing equipment
* Knowledge of sanitation regulations
* Flexibility to work various shifts
* Basic math skills
* Ability to gauge customers’ preferences
* Excellent communication skills

Job Type: Part-time

Pay: $16.00 - $17.00 per hour

Benefits:

* Employee discount

Shift:

* Day shift

Experience:

* Barista: 2 years (Required)

Work Location: In person","https://www.indeed.com/cmp/Bake-Shop-in-Rye","","","","","","","","",""
"67721cd12428959d","indeed","https://www.indeed.com/viewjob?jk=67721cd12428959d","https://jobs.smartrecruiters.com/Dominos/744000010657072-delivery-driver-03987-524-31st-street","Delivery Driver(03987) - 524 31st Street","Domino's","Union City, NJ, US","fulltime","2024-09-01","direct_data","yearly",28260.0,35437.0,"USD",False,"","","","","","**Job Description**  

Must have a legal New Jersey License
  

Must have current insurance and car registration  

Must provide you own car for making deliveries","https://www.indeed.com/cmp/Domino's","https://jobs.dominos.com/us/","","10,000+","$5M to $25M (USD)","Founded as a single store in 1960, DPZ is the largest pizza company in the world. From the beginning, Domino’s has been dedicated to the best of service, quality products, and delivery.","https://d2q79iu7y748jz.cloudfront.net/s/_squarelogo/256x256/19408427d07bae2d56c47d4afaf427e6","https://d2q79iu7y748jz.cloudfront.net/s/_headerimage/1960x400/a0ea7c55477668ac0dc0d7149729c0ed","Russell Weiner","https://d2q79iu7y748jz.cloudfront.net/s/_ceophoto/512x512/ac475d48636af06a85660f4fab07b17e"
"608b1717a820ba7e","indeed","https://www.indeed.com/viewjob?jk=608b1717a820ba7e","http://www.indeed.com/job/crew-membershift-leader-608b1717a820ba7e","Crew Member/Shift Leader","Cold Stone Creamery","Baldwin Place, NY, US","temporary, parttime, fulltime","2024-09-01","direct_data","hourly",15.0,18.0,"USD",False,"","","Food And Beverages","","","**About us**

we serve ice cream and make cakes very fun job,

Our work environment includes:

* Flexible working hours
* Lively atmosphere
* Casual work attire

We are seeking crew members to join our fun and hard working team. The successful candidates will be responsible for greeting customers and filling their orders, as well as preparing and supporting the smooth running of the restaurant. Perks include free food, a friendly  
team and a flexible schedule. Crew members who excel in this position may be considered for management roles.

Responsibilities:

* Support all crew members in any way possible.
* Check for spills, and clean up spills when necessary.
* Communicate to the Crew Manager about customer needs, and serve as an extra set of “eyes and ears” for the Crew Manager at times.
* Assist with inventory taking by counting supplies.
* Wash dishes, utensils, and pots and pans.
* Serve food to customers.

Job Types: Full-time, Part-time, Seasonal

Pay: $15.00 - $18.00 per hour

Benefits:

* Employee discount
* Flexible schedule

Shift:

* Day shift
* Evening shift
* Night shift

Experience:

* POS: 1 year (Preferred)
* Customer service: 1 year (Preferred)
* Cashiering: 1 year (Preferred)
* Cash handling: 1 year (Preferred)

Shift availability:

* Day Shift (Preferred)
* Night Shift (Preferred)

Ability to Relocate:

* null, NY 10505: Relocate before starting work (Preferred)

Work Location: In person","https://www.indeed.com/cmp/Cold-Stone-Creamery","https://www.coldstonecreamery.com","9311 E. Via de Ventura
Scottsdale, AZ 85258","51 to 200","$5M to $25M (USD)","","https://d2q79iu7y748jz.cloudfront.net/s/_squarelogo/256x256/ec81f103cd29ccde14462b55642fdc3e","https://d2q79iu7y748jz.cloudfront.net/s/_headerimage/1960x400/4656c8c4ae942745b9c0c0c50c2d2fad","",""
"a6db6370bffe2bc2","indeed","https://www.indeed.com/viewjob?jk=a6db6370bffe2bc2","http://www.indeed.com/job/break-dance-instructor-a6db6370bffe2bc2","Break dance instructor","MatchFit","Roslyn, NY, US","temporary","2024-09-01","","hourly","","","USD",False,"","","","","","We are seeking a highly qualified and experienced break dance hip hop Instructor to work with eager 4 year old boy.

Sessions are at our home and compensation is **$25 for 30-minutes.** 

Must have previous break dance instruction experience.

Job Type: Temporary

Pay: $50.00 per hour

Ability to Commute:

* Roslyn, NY 11576 (Required)

Work Location: In person","https://www.indeed.com/cmp/Matchfit-1","http://mindfulurgentcare.com/","","","","","","","",""
"0b43dd68cdb86fc5","indeed","https://www.indeed.com/viewjob?jk=0b43dd68cdb86fc5","http://www.indeed.com/job/dishwasherutility-worker-0b43dd68cdb86fc5","Dishwasher/Utility Worker","Winchester Gardens","Somerset, NJ, US","parttime, fulltime","2024-09-01","direct_data","hourly",18.0,20.0,"USD",False,"","","","","","We are looking for a Dishwasher to join our kitchen staff and maintain cleanliness around our restaurant. Dishwasher responsibilities include collecting used dishes, plates and utensils, loading washing machines and stacking washed items appropriately. If you want to kickstart your career in the restaurant industry and be part of the behind-the-scenes operations, we’d like to meet you. Note that this role requires working in shifts and, occasionally, during evenings or weekends. Ultimately, you’ll help provide an unforgettable dining experience for our customers.

**Responsibilities**

* Collect used kitchenware from dining and kitchen areas
* Load and unload dishwashing machines
* Wash specific items by hand (e.g. wooden cutting boards, large pots and delicate china)
* Store clean dishes, glasses and equipment appropriately
* Set up workstations before meal prep begins
* Ensure there are always enough clean dishes, glasses and utensils, especially during peak hours
* Maintain cleaning supplies stock (e.g. detergents) and place orders when necessary
* Check washing machines’ operation and promptly report any technical/performance issues
* Remove garbage regularly
* Sanitize the kitchen area, including the floor

**Skills**

* Work experience as a Dishwasher or on Wait Staff
* Hands-on experience with industrial washing machines
* Ability to follow instructions and help with various tasks, as needed
* Time management skills
* Attention to detail and sanitation rules
* Availability to work in shifts, during weekends and evenings
* High school diploma is a plus

Job Types: Full-time, Part-time

Pay: $18.00 - $20.00 per hour

Expected hours: 20 – 37.5 per week

Benefits:

* Employee assistance program
* Flexible schedule
* Paid sick time
* Paid time off

Physical Setting:

* Casual dining restaurant

Shift:

* Day shift
* Night shift

Work Location: In person","https://www.indeed.com/cmp/Winchester-Gardens-1","","","","","","","","",""
"70e349a4748be61c","indeed","https://www.indeed.com/viewjob?jk=70e349a4748be61c","https://jobs.smartrecruiters.com/Dominos/744000010641318-general-manager-04530-2901-brunswick-pike","General Manager(04530) - 2901 Brunswick Pike","Domino's","Lawrenceville, NJ, US","fulltime","2024-09-01","direct_data","yearly",42227.0,53469.0,"USD",False,"","","","","","**Job Description**  

  

Supervise the whole store, able to take on many tasks at once. Make pizza's, check out drivers on deliveries. Make food orders 2 times a week. Order an adequate amount for the week. Keep the whole team together and functioning in a peaceful manner.","https://www.indeed.com/cmp/Domino's","https://jobs.dominos.com/us/","","10,000+","$5M to $25M (USD)","Founded as a single store in 1960, DPZ is the largest pizza company in the world. From the beginning, Domino’s has been dedicated to the best of service, quality products, and delivery.","https://d2q79iu7y748jz.cloudfront.net/s/_squarelogo/256x256/19408427d07bae2d56c47d4afaf427e6","https://d2q79iu7y748jz.cloudfront.net/s/_headerimage/1960x400/a0ea7c55477668ac0dc0d7149729c0ed","Russell Weiner","https://d2q79iu7y748jz.cloudfront.net/s/_ceophoto/512x512/ac475d48636af06a85660f4fab07b17e"
"33902f1b6f516aa3","indeed","https://www.indeed.com/viewjob?jk=33902f1b6f516aa3","http://www.indeed.com/job/weekday-after-school-tutor-33902f1b6f516aa3","Weekday After School Tutor","To Ivy","Flushing, NY, US","parttime","2024-09-01","","hourly","","","USD",False,"","","","","","**Job Summary**  
We are seeking a dedicated Tutor to join our team. The ideal candidate will have a passion for working with students of various ages and backgrounds.

**Responsibilities**  
- Assist students in homework and subject-specific content  
- Utilize educational technology to enhance learning experiences  
- Monitor student progress and adjust teaching methods accordingly  
- Help students develop study skills and strategies

**Daily Schedule for Teachers**

*2:30 PM - 3:00 PM:*

* Pick up students from their schools, ensuring their safety and timely arrival to the classroom.

*3:00 PM - 3:30 PM:*

* Supervise snack time, providing a relaxed, controlled atmosphere for students to refresh and socialize.

*3:30 PM - 4:30 PM:*

* Facilitate homework help sessions, offering personalized academic support and guidance to assist students with their assignments.

*4:30 PM - 5:00 PM:*

* Lead reading time or continue homework help, encouraging literacy development and independent study.

*5:00 PM - 5:30 PM:*

* Select and oversee math worksheet activities, reinforcing key mathematical concepts and problem-solving skills. Tutors will be responsible for sourcing appropriate worksheets that align with the students' learning needs.

*5:30 PM - 6:00 PM:*

* Ensure a smooth pick-up process for students, coordinating with the center for a safe transition home.

**Requirements**  
- Experience working with children or students in an educational setting  
- Knowledge of classroom management techniques  
- Familiarity with learning technology and tools  
- Strong communication and interpersonal skills  
- Background in education, childcare, or related field is a plus  
- Ability to adapt teaching methods to suit individual learning styles

Job Type: Part-time

Pay: $16.00 per hour

Expected hours: 3.5 – 17.5 per week

Experience:

* Experience with children: 1 year (Required)
* Classroom experience: 1 year (Required)

Ability to Commute:

* Flushing, NY 11367 (Required)

Work Location: In person","https://www.indeed.com/cmp/To-Ivy","","","","","","","","",""
"6cb0c2d6ab1d0952","indeed","https://www.indeed.com/viewjob?jk=6cb0c2d6ab1d0952","https://jobs.smartrecruiters.com/Dominos/744000010626722-customer-service-rep-04530-2901-brunswick-pike","Customer Service Rep(04530) - 2901 Brunswick Pike","Domino's","Lawrenceville, NJ, US","fulltime","2024-09-01","direct_data","yearly",28260.0,31320.0,"USD",False,"","","","","","**Job Description**  

  

An ideal Customer Service Representative should be able to take phone calls In a fast paced eviorment. Able to carry many responisbilities at once. Greet customers in a polite manner and help them in a professional manner. Also, when it's crunch time, able to jump in and make pizza's with the other crew members.","https://www.indeed.com/cmp/Domino's","https://jobs.dominos.com/us/","","10,000+","$5M to $25M (USD)","Founded as a single store in 1960, DPZ is the largest pizza company in the world. From the beginning, Domino’s has been dedicated to the best of service, quality products, and delivery.","https://d2q79iu7y748jz.cloudfront.net/s/_squarelogo/256x256/19408427d07bae2d56c47d4afaf427e6","https://d2q79iu7y748jz.cloudfront.net/s/_headerimage/1960x400/a0ea7c55477668ac0dc0d7149729c0ed","Russell Weiner","https://d2q79iu7y748jz.cloudfront.net/s/_ceophoto/512x512/ac475d48636af06a85660f4fab07b17e"
"cc9633f526d0dc0a","indeed","https://www.indeed.com/viewjob?jk=cc9633f526d0dc0a","http://www.indeed.com/job/serverbartender-cc9633f526d0dc0a","Server/Bartender","Driftwood Hospitality Group LLC","Manasquan, NJ, US","parttime","2024-09-01","direct_data","hourly",17.0,20.0,"USD",False,"","","","","","\\*\\*Job Overview:\\*\\*

We are seeking experienced Bartenders and Servers to join our team. As a key member of our staff, you will be responsible for providing exceptional customer service, preparing and serving beverages, and maintaining a clean and welcoming atmosphere. If you have a passion for mixing drinks, a knack for multitasking, and a warm and friendly demeanor, we would love to hear from you.

\\*\\*Responsibilities:\\*\\*

- Greet and serve guests in a prompt and friendly manner.

- Prepare and serve a wide variety of beverages, including cocktails, beer, and wine.

- Maintain a clean and organized bar area, including the bar, glassware, and storage spaces.

- Monitor and manage inventory levels, ensuring that all products are properly stocked and rotated.

- Manage cash and credit transactions accurately and efficiently.

- Provide exceptional customer service, addressing any guest concerns or questions promptly and professionally.

- Work effectively as part of a team, supporting other staff members as needed.

- Maintain knowledge of menu items, ingredients, and food safety protocols.

- Demonstrate a thorough understanding of bartending and food industry standards.

- Perform tasks related to time management, including opening/closing procedures.

- Maintain a high level of food handling and safety standards, adhering to all relevant regulations and guidelines.

- Develop and maintain strong relationships with guests, ensuring that their dining experience is exceptional and memorable.

\\*\\*Qualifications:\\*\\*

- Previous experience as a bartender or server in the food industry a plus.

- Strong knowledge of bartending and food safety practices.

- Ability to work effectively in a fast-paced environment and manage multiple tasks simultaneously.

- Excellent communication and interpersonal skills.

- Ability to lift and move equipment and supplies.

- High school diploma or equivalent.

- Ability to maintain a clean and organized workspace.

This role is perfect for individuals who are passionate about providing exceptional customer service, have a strong background in food service, and are committed to maintaining high standards of food safety and cleanliness. If you have the skills and experience we are looking for, we encourage you to apply today.

Job Type: Part-time

Pay: $17.97 - $20.59 per hour

Expected hours: 10 – 20 per week

Shift:

* Day shift
* Evening shift
* Night shift

Education:

* High school or equivalent (Required)

Experience:

* Food service: 1 year (Preferred)
* Customer service: 1 year (Preferred)

Work Location: In person","https://www.indeed.com/cmp/Driftwood-Hospitality-Group-LLC","","","","","","","","",""
"da607e0af99d3496","indeed","https://www.indeed.com/viewjob?jk=da607e0af99d3496","http://www.indeed.com/job/promotion-specialist-da607e0af99d3496","Promotion Specialist","Balfour","Newark, NJ, US","parttime","2024-09-01","","hourly","","","USD",False,"","","","","","About Us:

Balfour & Co. is one of the world's largest Collegiate and High School commencement services companies, leading the industry in digital product innovation by helping students and their families celebrate the most meaningful moments in their lives. Operating under Balfour®, GradImages®, University Photo®, Gaspard®, ArtCarved®, KeepSake® and Taylor Publishing Company®, the Company provides personalized products such as class jewelry and apparel, yearbooks and commercial printing, graduation cap and gowns, announcement products and photography through digital marketing technology, personal in-school deliveries, and customized school assortments. To learn more visit Balfour.com, the destination for Graduation products, and GradImages.com, the industry’s largest commencement photography platform. The Company operates throughout North America with around 5,000 team members. From our start in 1913 to today, the Company has grown and evolved in many ways but the quality of our products and our commitment to our people have been of the highest standards throughout this long history.

Position Summary:

Set up promotional event at designated area colleges to assist customers in placing their product orders.

Essential Job Functions:

* Meet assigned sales goals by completing the sales promotion of Balfour products on college campuses.
* Develop and maintain good relationships with campus partners (including bookstore managers and college administrators.)
* Respond to and resolve customer and account inquiries.
* Review promotion results with appropriate store campus personnel.
* Implement event announcement poster/sign distribution on-campus.
* Develop and maintain a thorough knowledge of accounts, product lines, and procedures.
* Submit orders to manufacture in a timely and accurate manner.
* Report to manager sales results and other pertinent information.
* Travel as needed to area colleges for promotion events.

Position Requirements:

* 2-3 years sales experience
* Basic computer skills (familiar with mobile devices such as iPads and internet hotspots)
* Minimum high school diploma or GED; some college preferred
* Ability to travel to different colleges in area

Skills:

* Sales ability
* Outgoing personality
* Neat, professional appearance
* Enthusiastic
* Well organized
* Self-motivated
* High level of integrity
* Reliable

Job Type: Part-time

Pay: $20.00 per hour

Schedule:

* 4 hour shift
* 8 hour shift

Application Question(s):

* Are you able to adhere to the dress code? Business casual attire is required
* Are you able to operate tech devices (iPad)?
* Do you have at least one year of customer service experience?

License/Certification:

* Driver's License (Required)

Ability to Commute:

* Newark, NJ (Required)

Ability to Relocate:

* Newark, NJ: Relocate before starting work (Required)

Work Location: In person","https://www.indeed.com/cmp/Balfour","https://www.balfour.com","Dallas, TX","1,001 to 5,000","","","","","",""
"5920588bb5005cc5","indeed","https://www.indeed.com/viewjob?jk=5920588bb5005cc5","https://jobs.smartrecruiters.com/Dominos/744000010626224-general-manager-03984-135-state-route-27","General Manager(03984)- 135 State Route 27","Domino's","Edison, NJ, US","fulltime","2024-09-01","direct_data","yearly",45654.0,57808.0,"USD",False,"","","","","","**Company Description**  

One of the largest Franchisee in the tristate area. A company where People are first. We love our team members, and we create an environment where you can provide for your family and grow in the company.

 **Job Description** **ABOUT THE JOB**


You were born to be the boss. We know. You get up in the morning and you make sure everyone else in the house is doing what they need to do. Then you go to work and you make sure that everyone there is doing what they need to do, even your boss. You just do that because you've always done it. Well maybe it's time you moved up. You want to be the boss? Well now's your chance - Domino's Pizza is hiring bosses - more specifically assistant managers. It's a tough job, one that needs a natural like you. Of course, you'll need some skills - judgment, math and the ability to multitask.


You'll be working for a company that's fun and flexible. Not to mention, it's work experience you're going to use for a long time to come. You've had our pizza delivered to you, now help us be the best in pizza delivery. Go on, boss, show us what you've got. Apply now!

**JOB REQUIREMENTS AND DUTIES**


You are responsible for everything that happens during your shift. This includes all cost controls, inventory control, cash control and Customer relations. You must set the example. You must follow ALL policy and procedures 100% of the time and expect the same from your crew.


In addition: Staffing, Paperwork, Cost Controls, Cash control, Food management, Work to a Schedule, Perfect Image and adherence to standards, Great Customer Service, Attendance & punctuality, Transportation to/from work, Store cleanliness, Marketing, Profitability.

**ADVANCEMENT**


Many of our team members began their careers as delivery drivers and today are successful Domino's franchise owners. From assistant manager to general manager, general manager to franchisee or Manager Corporate Operations, our stores offer a world of opportunity.

**DIVERSITY**


Our mission is to recognize, appreciate, value and utilize the unique talents and contributions of all individuals. To create an environment where all team members, because of their differences, can reach their highest potential.

**SUMMARY STATEMENT**


We take pride in our team members and our team members take pride in Domino's Pizza! Being the best pizza delivery company in the world requires exceptional team members working together. At Domino's Pizza, our people come first!

**General Job Duties For All Store Team Members**

* Operate all equipment.
* Stock ingredients from delivery area to storage, work area, walk-in cooler.
* Prepare product.
* Receive and process telephone orders.
* Take inventory and complete associated paperwork.
* Clean equipment and facility approximately daily.

**Training**


Orientation and training provided on the job.

**Communication Skills**

* Ability to comprehend and give correct written instructions.
* Ability to communicate verbally with customers and co-workers to process orders both over the phone and in person.

**Essential Functions/Skills**

* Ability to add, subtract, multiply, and divide accurately and quickly (may use calculator).
* Must be able to make correct monetary change.
* Verbal, writing, and telephone skills to take and process orders. Motor coordination between eyes and hands/fingers to rapidly and accurately make precise movements with speed.
* Ability to enter orders using a computer keyboard or touch screen.
* Navigational skills to read a map, locate addresses within designated delivery area.
* Must navigate adverse terrain including multi-story buildings, private homes, and other delivery sites while carrying product.

**Work Conditions**

**EXPOSURE TO**

* Varying and sometimes adverse weather conditions when removing trash and performing other outside tasks.
* In-store temperatures range from 36 degrees in cooler to 90 degrees and above in some work areas.
* Sudden changes in temperature in work area and while outside.
* Fumes from food odors.
* Exposure to cornmeal dust.
* Cramped quarters including walk-in cooler.
* Hot surfaces/tools from oven up to 500 degrees or higher.
* Sharp edges and moving mechanical parts.
* Varying and sometimes adverse weather conditions when delivering product, driving and couponing.

**SENSING**

* Talking and hearing on telephone. Near and mid-range vision for most in-store tasks.
* Depth perception.
* Ability to differentiate between hot and cold surfaces.
* Far vision and night vision for driving.

**TEMPERAMENTS**


The ability to direct activities, perform repetitive tasks, work alone and with others, work under stress, meet strict quality control standards, deal with people, analyze and compile data, make judgements and decisions.

 **Additional Information**  

  

**PHYSICAL REQUIREMENTS**, including, but not limited to the following:**Standing**


Most tasks are performed from a standing position. Walking surfaces include ceramic tile ""bricks"" with linoleum in some food process areas. Height of work surfaces is between 36"" and 48"".

**Walking**


For short distances for short durations


Delivery personnel must travel between the store and delivery vehicle and from the delivery vehicle to the customer's location.

**Sitting**


Paperwork is normally completed in an office at a desk or table

**Lifting**


Bulk product deliveries are made twice a week or more and are unloaded by the team member using a hand truck.


Deliveries may include cases of ingredients and supplies weighing up to 50 pounds with dimensions of up to 3' x 1.5'.


Cases are usually lifted from floor and stacked onto shelves up to 72"" high.

**Carrying**


Large cans, weighing 3 pounds, 7 ounces, are carried from the workstation to storage shelves.


Occasionally, pizza sauce weighing 30 pounds is carried from the storage room to the front of the store.


Trays of pizza dough are carried three at a time over short distances, and weigh approximately 12 pounds per tray.


During delivery, carry pizzas and beverages while performing ""walking"" and ""climbing"" duties.

**Pushing**


To move trays which are placed on dollies.


A stack of trays on a dolly is approximately 24"" - 30"" and requires a force of up to 7.5 pounds to push.


Trays may also be pulled.

**Climbing**


Team members must infrequently navigate stairs or climb a ladder to change prices on signs, wash walls, perform maintenance.


During delivery of product, navigation of five or more flights of stairs may be required.**Stooping/Bending**


Forward bending at the waist is necessary at the pizza assembly station.


Toe room is present, but workers are unable to flex their knees while standing at this station.


Duration of this position is approximately 30 - 45 seconds at one time, repeated continuously during the day.


Forward bending is also present at the front counter and when stocking ingredients.

**Crouching/Squatting**


Performed occasionally to stock shelves and to clean low areas.

**Reaching**


Reaching is performed continuously; up, down and forward.


Workers reach above 72"" occasionally to turn on/off oven controls, change prices on sign, and lift and lower objects to and from shelves.


Workers reaching down to perform such tasks as scooping cornmeal from a plastic barrel, or washing dishes.


Workers reach forward when obtaining topping ingredients, cleaning work surfaces, or answering phones.

**Driving**


Deliver pizzas within a designated delivery area. A Team Member may make several deliveries per shift.

**Machines, Tools, Equipment, Work Aids**


Team Members may be required to utilize pencils/pens, computers, telephones, calculators, TDD equipment, pizza cutter and pizza peel.

**Driving Specific Job Duties**


Deliver product by car and then to door of customer.


Deliver flyers and door hangers.

**Requires**


Valid driver's license with safe driving record meeting company standards.


Access to insured vehicle which can be used for delivery.","https://www.indeed.com/cmp/Domino's","https://jobs.dominos.com/us/","","10,000+","$5M to $25M (USD)","Founded as a single store in 1960, DPZ is the largest pizza company in the world. From the beginning, Domino’s has been dedicated to the best of service, quality products, and delivery.","https://d2q79iu7y748jz.cloudfront.net/s/_squarelogo/256x256/19408427d07bae2d56c47d4afaf427e6","https://d2q79iu7y748jz.cloudfront.net/s/_headerimage/1960x400/a0ea7c55477668ac0dc0d7149729c0ed","Russell Weiner","https://d2q79iu7y748jz.cloudfront.net/s/_ceophoto/512x512/ac475d48636af06a85660f4fab07b17e"
"20ccfabbd08c08fd","indeed","https://www.indeed.com/viewjob?jk=20ccfabbd08c08fd","https://venusetfleur.bamboohr.com/careers/367?source=indeed&src=indeed&postedDate=2024-08-31","Floral Designer - NJ","Venus ET Fleur","Secaucus, NJ, US","fulltime","2024-08-31","direct_data","yearly",30891.0,39115.0,"USD",False,"","","","","","*Summary:*

  

This role is responsible for creating, designing and assembling hand-crafted luxury floral arrangements while maintaining Venus et Fleur’s company standards of quality and excellence.


*Responsibilities and Duties:*


* Full-time or Part-time, weekend shifts available and must be flexible over the holiday season
* Successfully train on all VEF arrangements within sixty (60) days of employment
* Actively participate in the creative process of making new arrangements
* Ability to read customer orders for general and custom arrangements
* Read Bill of Materials to identify materials needed
* Pull appropriate inventory for each specific design
* Ensure the highest level quality of all products prior to preparation of design by adhering to the VEF Quality Control Manual
* Design and assemble arrangements in compliance with VEF safety standards and instructions
* Designers must adhere to productivity and quality KPIs and standards.
* Assist Floral Design Supervisor in management and storage of VEF products
* Additional duties and projects as reasonably assigned by manager


*Qualifications:*

  

* Able to perform effectively in a fast-paced environment
* Strong time management skills with the ability to meet multiple deadlines and effectively time manage and balance projects
* Superior attention to detail and a keen eye for quality
* Available to work weekends on a rotating schedule
* Properly and safely use general hand tools in the production of flower arrangements
* Oral and written communication skills that allow for productive communication with co-workers and management
* Basic computer skills required
* Ability to work 6 days and late hours during holiday peak season
* Maintain a clean and organized work station
* Must be able to meet physical demands of the role including standing on feet for extended periods of time, ability to lift, push, pull, carry, up to 35 pounds

  


*Supervisory Responsibilities:*

  

None

 **Confidential Information**

  

This position has access to confidential information such as technology and company documentation.

  

Physical Demands The physical demands described here are representative of those that must be met by an employee to successfully perform the essential functions of this job. Reasonable accommodations may be made to enable individuals with disabilities to perform the essential functions. While performing the duties of this Job, the employee is regularly required to sit; use hands to finger, handle, or feel and talk or hear. The employee is occasionally required to stand; walk; reach with hands and arms; climb or balance and stoop, kneel, crouch, or crawl. Specific vision abilities required by this job include close vision, color vision, peripheral vision, depth perception and ability to adjust focus.

  

Work Environment The work environment characteristics described here are representative of those an employee encounters while performing the essential functions of this job. Reasonable accommodations may be made to enable individuals with disabilities to perform the essential functions. While performing the duties of this Job, the employee is occasionally exposed to the risk of electrical shock. The noise level in the work environment is usually moderate.","https://www.indeed.com/cmp/Venus-Et-Fleur","https://www.venusetfleur.com","New York","11 to 50","","","https://d2q79iu7y748jz.cloudfront.net/s/_squarelogo/256x256/0174515d3733584e4ffaecf6be7809db","https://d2q79iu7y748jz.cloudfront.net/s/_headerimage/1960x400/c4c6de1b2dcc56fcef171b9fa8283215","",""
"dc2256d02f9e91b4","indeed","https://www.indeed.com/viewjob?jk=dc2256d02f9e91b4","https://talent.lowes.com/us/en/job/JR-01880512/Full-Time-Sales-Specialist-Millwork-Day?utm_source=617IndeedOrganic","Full Time - Sales Specialist - Millwork - Day","Lowe's Home Improvement","Bay Shore, NY, US","fulltime","2024-08-31","direct_data","hourly",19.0,19.0,"USD",False,"","","","","","**What You Will Do**  

All Lowe’s associates deliver quality customer service while maintaining a store that is clean, safe, and stocked with the products our customers need. As a Sales Specialist Millwork, this means:  

* Being friendly and professional, eager to understand the customer’s specific needs in order to pair the best products and service offerings in support of their project.
* Ensuring displayed merchandise reflects our high standards of showroom readiness, operates as intended during demonstrations, and is up to date, accurately mirroring the manufacturers current product offering.
* Engaging in safe work practices including the proper operation of store equipment.


The Sales Specialist Millwork serves as an expert, explaining the specifications and features of a product or service to existing or potential customers, with the goal of closing a sale. This associate provides exceptional consultative services to customers and confirms their needs are met before leaving the store. The Sales Specialist Millwork is also responsible for executing orders and projects in their area of focus.  

*Travel Requirements: This role does not require regular travel; however, this role may need to travel on occasion to meetings, trainings, or to support neighboring stores.*  

  

**What We're Looking For**  

* Hourly Full Time: Generally scheduled 39 to 40 hours per week, respectively; more hours may be required based on the needs of the store.
* Requires morning, afternoon and evening availability any day of the week.
* Physical ability to perform tasks that may require prolonged standing, sitting, and other activities necessary to perform job duties.
* Minimally must be able to lift 25 pounds without assistance; may lift over 25 pounds with or without assistance.

  

**What You Need To Succeed**  

*Minimum Qualifications*  

* High School Diploma or equivalent.
* 1 year of external experience in customer facing sales OR 6 months Lowe's retail experience.

  

*Preferred Qualifications*  

* 1 year of experience entering and submitting customer sales orders, including Special Order Sales.
* 2 years of experience identifying and selling products based upon customer needs or plans.
* 2 years of experience in providing customer service including identifying and resolving customer complaints, greeting customers, answering phones, building relationships with customers, and thanking customers for their business.
* 2 years of experience following up on outstanding or incomplete customer orders, sales, or installs.
* 1 year of experience promoting product related services and plans such as installation, delivery, credit financing, or extended protection plans.
* 2 years of experience in a sales environment with required sales goals or metrics.
* 1 year of employment with Lowe's as a Sales Specialist.
* 1 year of experience in a trade directly related to Millwork.

If the state or local municipality requires a salesperson license for this position, you must either be licensed or pass the requisite licensing exam within sixty (60) days of starting employment in this position.


Pay Range: $19.00 - $19.80 per hour*Starting rate of pay may vary based on factors including, but not limited to, position offered, location, education, training, and/or experience. For information regarding our benefit programs and eligibility, please visit our* *benefits page**.*

*Lowe’s is an equal opportunity employer and administers all personnel practices without regard to race, color, religious creed, sex, gender, age, ancestry, national origin, mental or physical disability or medical condition, sexual orientation, gender identity or expression, marital status, military or veteran status, genetic information, or any other category protected under federal, state, or local law.*


Pay Range: $19.00 - $19.80 per hour Starting rate of pay may vary based on factors including, but not limited to, position offered, location, education, training, and/or experience. For information regarding our benefit programs and eligibility, please visit https://talent.lowes.com/us/en/benefits.","https://www.indeed.com/cmp/Lowe's-Home-Improvement","https://talent.lowes.com/us/en","Mooresville, NC","1,001 to 5,000","more than $10B (USD)","Lowe's is an American chain of retail home improvement and appliance stores that has retail stores in the United States.","https://d2q79iu7y748jz.cloudfront.net/s/_squarelogo/256x256/2ce023b53e8de023ea3cfc3e46a68902","https://d2q79iu7y748jz.cloudfront.net/s/_headerimage/1960x400/a8be72ec1f6d612ffec4f7e1752d43c3","Marvin Ellison","https://d2q79iu7y748jz.cloudfront.net/s/_ceophoto/512x512/7dbc926f61ef3f40647ebf75340a166e"
"f2e50165d4439cb0","indeed","https://www.indeed.com/viewjob?jk=f2e50165d4439cb0","https://jsv3.recruitics.com/redirect?rx_cid=998&rx_jobId=R0356862&rx_url=https%3A%2F%2Fjobs.cvshealth.com%2Fus%2Fen%2Fjob%2FR0356862%2FPharmacy-Technician%3Frx_campaign%3Dindeed0%26rx_ch%3Djobp4p%26rx_group%3D103511%26rx_job%3DR0356862%26rx_medium%3Dcpc%26rx_r%3Dnone%26rx_source%3DIndeed%26rx_ts%3D20240901T000119Z%26rx_vp%3Dcpc%26utm_campaign%3D%26utm_source%3DIndeedPPCOrg","Pharmacy Technician","CVS Health","New York, NY, US","fulltime","2024-08-30","direct_data","hourly",16.0,27.0,"USD",False,"","","","","","Bring your heart to CVS Health. Every one of us at CVS Health shares a single, clear purpose: Bringing our heart to every moment of your health. This purpose guides our commitment to deliver enhanced human-centric health care for a rapidly changing world. Anchored in our brand — with heart at its center — our purpose sends a personal message that how we deliver our services is just as important as what we deliver.  

  

Our Heart At Work Behaviors™ support this purpose. We want everyone who works at CVS Health to feel empowered by the role they play in transforming our culture and accelerating our ability to innovate and deliver solutions to make health care more personal, convenient and affordable.

**Position Summary**


Health is everything. At CVS Health, we are committed to increasing patient access to care, lowering costs and improving the quality of care. Millions of times a day, we’re helping people on their path to better health— from advising patients on their prescriptions to helping them manage their chronic and specialty conditions. Because we’re present in so many moments, big and small, we have an active, supportive role in shaping the future of health care. Pharmacy Technicians are at the forefront of our purpose as they deliver compassionate care to our millions of patients every day.  

  

Come join our team of dedicated and caring Pharmacy Technicians who demonstrate our core values of Accountability, Caring, Collaboration,Innovation and Integrity in everything they do in our pharmacies every day. Whether you are new to working in pharmacies or are an experienced Pharmacy Technician, we have a place for you on our team to use your skills and talents to serve and care for our patients and customers.  

  

The Pharmacy Technician position provides individuals with an opportunity to work in a leading retail pharmacy company and in a role that positively impacts the lives and health of others. You will work in an environment where the highest professional and ethical standards are maintained as well as full compliance with all Federal, State and Local laws and regulations. Pharmacy Technicians take important steps to ensure all medication needs and regulatory compliance standards are met for our patients and they demonstrate ethical conduct and maintain patient confidentiality at all times.  

  

Success for incumbents in this role includes being able to manage all assigned pharmacy workstations and tasks to support the team’s ability to promptly, safely and accurately fill patient prescriptions all while providing caring service that exceeds customer expectations. If you like working in fast-paced environments and demonstrating compassionate, genuine care for patients and customers, this job is for you!  

  

As a new Pharmacy Technician, you are required to complete an extensive CVS Pharmacy Technician Training Program as well as satisfy all registration, licensing and certification requirements according to your State’s Board of Pharmacy guidelines. Your Pharmacy Technician duties will be restricted by your manager at first until you complete all necessary requirements. Once you satisfy all requirements and expand your Pharmacy Technician duties, you have the opportunity to continue to build your clinical, technical and insurance knowledge and expertise by leveraging available tools and training to build your pharmacy career.  

  

Are you ready to help people on their path to better health? We are ready to have you join our team and help you on your career path to achieve your goals!  

  

Please note in select markets the collective bargaining agreement rules regarding the Pharmacy Technician would apply.  

  

DISCLAIMER:  

  

The above information on this description has been designed to indicate the general nature and level of work performed by employees within this classification. It is not designed to contain or be interpreted as a comprehensive inventory of all duties, responsibilities and qualifications required of employees assigned to this job.  

  

Based on the role and location, this position may require you to be fully vaccinated against COVID-19 (including any booster shots if required), where allowable under the law, unless you are approved for a reasonable accommodation based on disability, medical condition, pregnancy, or religious belief that prevents them from being vaccinated. Proof of vaccination will be required on your first day of employment or within the first few months in the position, depending on the role and location. If you are considered for a role, more information will be provided during the hiring process.

 **Required Qualifications**

* Must comply with any state board of pharmacy requirements or laws governing the practice of pharmacy, which includes but is not limited to, age, education, and licensure/certification
	+ If the state board of pharmacy does not address or mandate a minimum age requirement, must be at least 16 years of age
	+ If the state board of pharmacy does not address or mandate a minimum educational requirement, must have a high school diploma or equivalent, or be actively enrolled in high school or high school equivalency program
* Attention and Focus  

o The ability to concentrate on a task over a period of time without being distracted
* Customer Service Orientation  

o Actively look for ways to help people, and do so in a friendly manner  

o Notice and understand customers’ reactions, and respond appropriately
* Communication Skills  

o Use and understand verbal and written communication to interact with customers and colleagues  

o Actively listening by giving full attention to what others are saying, taking time to understand the points being made, asking questions as appropriate, and not interrupting at inappropriate times
* Mathematical Reasoning  

o The ability to use math to solve a problem, such as calculating day’s supply of a prescription
* Problem Resolution  

o Is able to judge when something is wrong or is likely to go wrong; recognizing there is a problem  

o Choosing the best course of action when faced with a complex situation with several available options  

  

PHYSICAL DEMANDS:
* Remaining upright on the feet, particularly for sustained periods of time
* Moving about on foot to accomplish tasks, particularly for moving from one work area to another
* Picking, pinching, typing or otherwise working primarily with fingers rather than whole hand or arm
* Extending hand(s) and arm(s) in any direction
* Bending body downward and forward by bending spine at the waist
* Stooping to a considerable degree and requiring full use of the lower extremities and back muscles
* Expressing or exchanging ideas by means of spoken word; those activities where detailed or important spoken instructions must be conveyed accurately
* Perceiving the nature of sounds at normal speaking levels with or without correction, and having the ability to receive detailed information through oral communication
* Visual Acuity:  

o The worker is required to have close visual acuity to perform activities such as: transcribing, viewing a computer terminal, reading, visual inspection involving small parts
* Occasional lifting of up to 30 lbs; exerting up to 30 lbs of force occasionally and/or up to 10 lbs of force frequently, and/or a negligible amount of force constantly to move objects

 **Preferred Qualifications**

* Previous experience in a pharmacy, retail, medical, or customer service setting
* Previous experience as a Pharmacy Technician
* PTCB National Certification

 **Education**


High School diploma or equivalent preferred but not required.

**Pay Range**


The typical pay range for this role is:


$16.75 - $27.00
This pay range represents the base hourly rate or base annual full-time salary for all positions in the job grade within which this position falls. The actual base salary offer will depend on a variety of factors including experience, education, geography and other relevant factors.  

  

In addition to your compensation, enjoy the rewards of an organization that puts our heart into caring for our colleagues and our communities. The Company offers a full range of medical, dental, and vision benefits. Eligible employees may enroll in the Company’s 401(k) retirement savings plan, and an Employee Stock Purchase Plan is also available for eligible employees. The Company provides a fully-paid term life insurance plan to eligible employees, and short-term and long term disability benefits. CVS Health also offers numerous well-being programs, education assistance, free development courses, a CVS store discount, and discount programs with participating partners. As for time off, Company employees enjoy Paid Time Off (“PTO”) or vacation pay, as well as paid holidays throughout the calendar year. Number of paid holidays, sick time and other time off are provided consistent with relevant state law and Company policies.  

  

For more detailed information on available benefits, please visit Benefits | CVS Health


We anticipate the application window for this opening will close on: 11/30/2024
Qualified applicants with arrest or conviction records will be considered for employment in accordance with all federal, state and local laws.","https://www.indeed.com/cmp/CVS-Health","https://jobs.cvshealth.com","Woonsocket, RI","10,000+","more than $10B (USD)","CVS Health is a pharmacy innovation company with a simple and clear purpose: Helping people on their path to better health.","https://d2q79iu7y748jz.cloudfront.net/s/_squarelogo/256x256/ef487bd4918a595f3e86081a6c389d41","https://d2q79iu7y748jz.cloudfront.net/s/_headerimage/1960x400/05de73ba6e56595e6536c0813863346f","Karen S. Lynch, President & CEO","https://d2q79iu7y748jz.cloudfront.net/s/_ceophoto/512x512/420776d51ccef75f2d7b08478dfc4c0f"
"074c02ce288e569e","indeed","https://www.indeed.com/viewjob?jk=074c02ce288e569e","https://jsv3.recruitics.com/redirect?rx_cid=998&rx_jobId=R0356867&rx_url=https%3A%2F%2Fjobs.cvshealth.com%2Fus%2Fen%2Fjob%2FR0356867%2FStore-Associate%3Frx_campaign%3Dindeed0%26rx_ch%3Djobp4p%26rx_group%3D103511%26rx_job%3DR0356867%26rx_medium%3Dcpc%26rx_r%3Dnone%26rx_source%3DIndeed%26rx_ts%3D20240901T000119Z%26rx_vp%3Dcpc%26utm_campaign%3D%26utm_source%3DIndeedPPCOrg","Store Associate","CVS Health","Bay Shore, NY, US","fulltime","2024-08-30","direct_data","hourly",16.0,22.0,"USD",False,"","","","","","Bring your heart to CVS Health. Every one of us at CVS Health shares a single, clear purpose: Bringing our heart to every moment of your health. This purpose guides our commitment to deliver enhanced human-centric health care for a rapidly changing world. Anchored in our brand — with heart at its center — our purpose sends a personal message that how we deliver our services is just as important as what we deliver.  

  

Our Heart At Work Behaviors™ support this purpose. We want everyone who works at CVS Health to feel empowered by the role they play in transforming our culture and accelerating our ability to innovate and deliver solutions to make health care more personal, convenient and affordable.

**Position Summary**


Retail Store Associates play a meaningful role within the CVS Health family. At CVS Health, we’re shaping the future of health care for people, businesses, and communities. With your talents and expertise, you can help us play a more active and supportive role in each person’s unique healthcare needs. Join our team of thousands as we positively impact millions…one customer at a time.  

  

The Retail Store Associate position provides an opportunity, in a leading retail setting, to excel in a growing, high impact, customer focused role, working both independently and as a member of a team, to positively impact the lives of others.  

  

Essential Functions:

  

* Providing differentiated customer service by anticipating customer needs, demonstrating compassion and care in all interactions, and actively identifying and resolving potential service issues
* Focusing on the customer by giving a warm and friendly greeting, maintaining eye contact and offering help locating additional items, when needed
* Accurately perform cashier duties - handling cash, checks and credit card transactions with precision while following company policies and procedures
* Maintaining the sales floor by restocking shelves, checking in vendors, updating pricing information and completing inventory management tasks as directed by store manager
* Supporting opening and closing store activities, when needed
* Providing customer support to all departments, including photo and beauty, ensuring departments are fully stocked and operational while remaining current with all updated services and tools
* Assisting pharmacy personnel when needed, including working regular shifts in the pharmacy as part of opportunities for growth and career development
* Embracing and advocating for new CVS services and loyalty programs that support our purpose of helping people on their path to better health
* **Required Qualifications**
	+ At least 16 years of age  
	
	  
	
	Physical Requirements:
	+ Remaining upright on the feet, particularly for sustained periods of time
	+ Lifting and exerting up to 35 lbs of force occasionally, up to 10 lbs of force frequently, and a negligible amount of force regularly to move objects to and from, including overhead lifting
	+ Visual Acuity - Having close visual acuity to perform activities such as: viewing a computer terminal, reading, visual inspection involving small parts/details  

**Preferred Qualifications**
	+ Previous experience in a retail or customer service setting  

**Education**
High School diploma or equivalent preferred but not required.

**Pay Range**


The typical pay range for this role is:


$16.00 - $22.00
This pay range represents the base hourly rate or base annual full-time salary for all positions in the job grade within which this position falls. The actual base salary offer will depend on a variety of factors including experience, education, geography and other relevant factors.  

  

In addition to your compensation, enjoy the rewards of an organization that puts our heart into caring for our colleagues and our communities. The Company offers a full range of medical, dental, and vision benefits. Eligible employees may enroll in the Company’s 401(k) retirement savings plan, and an Employee Stock Purchase Plan is also available for eligible employees. The Company provides a fully-paid term life insurance plan to eligible employees, and short-term and long term disability benefits. CVS Health also offers numerous well-being programs, education assistance, free development courses, a CVS store discount, and discount programs with participating partners. As for time off, Company employees enjoy Paid Time Off (“PTO”) or vacation pay, as well as paid holidays throughout the calendar year. Number of paid holidays, sick time and other time off are provided consistent with relevant state law and Company policies.  

  

For more detailed information on available benefits, please visit Benefits | CVS Health


We anticipate the application window for this opening will close on: 11/30/2024
Qualified applicants with arrest or conviction records will be considered for employment in accordance with all federal, state and local laws.","https://www.indeed.com/cmp/CVS-Health","https://jobs.cvshealth.com","Woonsocket, RI","10,000+","more than $10B (USD)","CVS Health is a pharmacy innovation company with a simple and clear purpose: Helping people on their path to better health.","https://d2q79iu7y748jz.cloudfront.net/s/_squarelogo/256x256/ef487bd4918a595f3e86081a6c389d41","https://d2q79iu7y748jz.cloudfront.net/s/_headerimage/1960x400/05de73ba6e56595e6536c0813863346f","Karen S. Lynch, President & CEO","https://d2q79iu7y748jz.cloudfront.net/s/_ceophoto/512x512/420776d51ccef75f2d7b08478dfc4c0f"
"79ad23612b30f8de","indeed","https://www.indeed.com/viewjob?jk=79ad23612b30f8de","https://jsv3.recruitics.com/redirect?rx_cid=998&rx_jobId=R0357696&rx_url=https%3A%2F%2Fjobs.cvshealth.com%2Fus%2Fen%2Fjob%2FR0357696%2FBeauty-Sales-Consultant%3Frx_campaign%3Dindeed0%26rx_ch%3Djobp4p%26rx_group%3D103511%26rx_job%3DR0357696%26rx_medium%3Dcpc%26rx_r%3Dnone%26rx_source%3DIndeed%26rx_ts%3D20240901T000119Z%26rx_vp%3Dcpc%26utm_campaign%3D%26utm_source%3DIndeedPPCOrg","Beauty Sales Consultant","CVS Health","Deer Park, NY, US","fulltime","2024-08-30","direct_data","hourly",16.0,22.0,"USD",False,"","","","","","Bring your heart to CVS Health. Every one of us at CVS Health shares a single, clear purpose: Bringing our heart to every moment of your health. This purpose guides our commitment to deliver enhanced human-centric health care for a rapidly changing world. Anchored in our brand — with heart at its center — our purpose sends a personal message that how we deliver our services is just as important as what we deliver.  

  

Our Heart At Work Behaviors™ support this purpose. We want everyone who works at CVS Health to feel empowered by the role they play in transforming our culture and accelerating our ability to innovate and deliver solutions to make health care more personal, convenient and affordable.

**Position Summary**


It is a great time to join the beauty retail division of CVS Health, as America's leading retail pharmacy with more than 9,000 stores and continuing to grow. We seek a talented, sales-oriented Beauty Sales Consultant who is passionate about the retail beauty industry and believes the client experience should be top-notch. Our customers will experience your passion for beauty and sales skills as you share the latest beauty trends and techniques through your extensive industry knowledge.  

  

As a Beauty Sales Consultant, you are excited about beauty! As the primary beauty advisor to our customers, you will provide friendly, knowledgeable sales service to every client who enters the store's beauty zone and strive to build a personalized, robust basket for each customer.  

  

**Customer Sales Experience**

  

* Seek out customers to ensure they have a fantastic beauty advisor experience through personalized sales service based on customer needs, effective upselling and suggestive selling, as well as subsequent follow-up contact to build lasting relationships.
* Engage in conversation with each customer as they enter the beauty zone; listen to and be sensitive to the customer's information, be conscious of their needs and provide specialized sales advice.
* Maneuver in a conversation to stimulate a different thought process. It would be best if you were confident and comfortable using your verbal skills to generate sales.
* Be the brand expert by answering customer questions in detail with product knowledge to produce the largest sales basket possible.  

  

**Operational**
* Using the facilities provided, explain how various products help the customer address their needs by educating them of the proper usage and benefits and leveraging the CVS beauty monthly sampling program to build relationships.
* Participate in and represent company sales programs or events that positively impact business. You are comfortable discussing CVS Beauty Club programs and inviting customers to special in-store events or explaining current promotions to close the sale.
* Create and maintain product displays, end caps, and other beauty-specific promotional materials supporting key brands, corporate initiatives, and local advertising efforts.
* Maintain a beautiful and clean zone by keeping your assigned area well-stocked, well-merchandised, and compliant with hygiene standards for a positive shopping experience.
* Ensure that all CVS tester sanitation, hazardous waste disposal, and tool cleansing policies are executed in a timely and compliant manner.  

  

**Training & Personal Growth and Development**
* Complete initial 30/60/90-day onboarding training with ongoing training/educational programs to ensure sales, product knowledge, and selling skills are current. All work performed is per company policies and guidelines.
* Execute the established sales plan by meeting the sales budget and tracking your progress to success.
* Participate in sales training meetings and conference calls concerning programs and promotions, new items, brand launches, sales goals, and exceptional customer care.
* Compete with yourself to beat prior sales goals and max out sales budget.
* Maintain a professional appearance in compliance with company guidelines at all times.
* Be plugged in, curious and excited about all of the latest beauty trends and techniques
* Seek to further your product knowledge and client service skills. As a retail beauty advisor, you are a CVS beauty sales enthusiast!  

  

**Why You’ll Love Working Here!**
* Exposure to the latest and greatest product in the industry through brand interaction, training, and more
* Gratis. Everyone loves free samples! You will be overwhelmed with the number of excellent products you get to take home and try out.
* Brand partners and other colleagues will present and discuss new and upcoming products and provide training on various initiatives.
* You will be helping people on their path to better health. When people feel good about themselves, that translates to the rest of their lives, and you will make an impact!  

  

**Physical Requirements**
* Physical abilities to support the essential functions of the role as listed above, such as stand and/or move throughout the store for the majority of work time to provide excellent customer service and beauty consulting. Able to stoop, kneel or crouch, and reach or grasp objects, including objects on lower shelves.
* Able to perform duties requiring manual dexterity (e.g., ear piercing)
* **Required Qualifications**
	+ Sales oriented
	+ Ability to use sales data with product/brand knowledge to meet sales and beauty service goals
	+ Strong interpersonal, organizational, and communication skills
	+ Goal-driven, with an ability to multi-task
	+ Ability to work independently and as an integral part of a team in a fast-paced environment, handle multiple priorities, and quickly learn new procedures.
	+ Available to work a flexible retail schedule, which may include mornings, evenings, weekends, extended hours, and ""Peak"" Hours
	+ Ability to perform the tasks listed throughout the job description
	+ Must demonstrate the ability and willingness to perform ear-piercing services in all stores (training and certification to be provided)
	+ In specific CVS stores, we require bilingual beauty advisors that can speak to customers in both English and Spanish.
	+ Must be at least 18 years old  

**Preferred Qualifications**
	+ Prior Beauty Sales Experience
	+ Current knowledge of beauty products and brands
	+ Strong passion for beauty
	+ High school diploma or equivalent preferred  

**Education**
High School diploma or equivalent preferred but not required.

**Pay Range**


The typical pay range for this role is:


$16.00 - $22.00
This pay range represents the base hourly rate or base annual full-time salary for all positions in the job grade within which this position falls. The actual base salary offer will depend on a variety of factors including experience, education, geography and other relevant factors.  

  

In addition to your compensation, enjoy the rewards of an organization that puts our heart into caring for our colleagues and our communities. The Company offers a full range of medical, dental, and vision benefits. Eligible employees may enroll in the Company’s 401(k) retirement savings plan, and an Employee Stock Purchase Plan is also available for eligible employees. The Company provides a fully-paid term life insurance plan to eligible employees, and short-term and long term disability benefits. CVS Health also offers numerous well-being programs, education assistance, free development courses, a CVS store discount, and discount programs with participating partners. As for time off, Company employees enjoy Paid Time Off (“PTO”) or vacation pay, as well as paid holidays throughout the calendar year. Number of paid holidays, sick time and other time off are provided consistent with relevant state law and Company policies.  

  

For more detailed information on available benefits, please visit Benefits | CVS Health


We anticipate the application window for this opening will close on: 11/30/2024
Qualified applicants with arrest or conviction records will be considered for employment in accordance with all federal, state and local laws.","https://www.indeed.com/cmp/CVS-Health","https://jobs.cvshealth.com","Woonsocket, RI","10,000+","more than $10B (USD)","CVS Health is a pharmacy innovation company with a simple and clear purpose: Helping people on their path to better health.","https://d2q79iu7y748jz.cloudfront.net/s/_squarelogo/256x256/ef487bd4918a595f3e86081a6c389d41","https://d2q79iu7y748jz.cloudfront.net/s/_headerimage/1960x400/05de73ba6e56595e6536c0813863346f","Karen S. Lynch, President & CEO","https://d2q79iu7y748jz.cloudfront.net/s/_ceophoto/512x512/420776d51ccef75f2d7b08478dfc4c0f"
"3c031a23e279e76a","indeed","https://www.indeed.com/viewjob?jk=3c031a23e279e76a","https://jsv3.recruitics.com/redirect?rx_cid=998&rx_jobId=R0357969&rx_url=https%3A%2F%2Fjobs.cvshealth.com%2Fus%2Fen%2Fjob%2FR0357969%2FOperations-Manager%3Frx_campaign%3Dindeed0%26rx_ch%3Djobp4p%26rx_group%3D103511%26rx_job%3DR0357969%26rx_medium%3Dcpc%26rx_r%3Dnone%26rx_source%3DIndeed%26rx_ts%3D20240901T000119Z%26rx_vp%3Dcpc%26utm_campaign%3D%26utm_source%3DIndeedPPCOrg","Operations Manager","CVS Health","Yonkers, NY, US","fulltime","2024-08-30","direct_data","hourly",17.0,31.0,"USD",False,"","","","","","Bring your heart to CVS Health. Every one of us at CVS Health shares a single, clear purpose: Bringing our heart to every moment of your health. This purpose guides our commitment to deliver enhanced human-centric health care for a rapidly changing world. Anchored in our brand — with heart at its center — our purpose sends a personal message that how we deliver our services is just as important as what we deliver.  

  

Our Heart At Work Behaviors™ support this purpose. We want everyone who works at CVS Health to feel empowered by the role they play in transforming our culture and accelerating our ability to innovate and deliver solutions to make health care more personal, convenient and affordable.

**Position Summary**


The Operations Manager is a member of the Store Management team, and as such, fulfills the company purpose of helping people on their path to better health by driving store execution and performance while building consumer loyalty to CVS/pharmacy through a focus on excellent customer service. Under the supervision of the Store Manager, the Operations Manager will maintain an engaged, productive store team through strong leadership, demonstrating initiative and leading by example.


The Operations Manager is responsible for supporting the Store Manager in the total leadership and strategic operation of a CVS/pharmacy store including:

* Overall store management, supervision, and policy implementation
* Sales and inventory management
* Employee staffing, training, and development
* Financial management
* Customer service leadership


Unlike the Store Manager in Training position, the Operations Manager position is not part of the CVS/pharmacy Retail Management Development Program. Operations Managers are not eligible for direct promotion to Store Manager. Candidates with a short-term goal of becoming a CVS Store Manager should instead apply for Store Manager in Training openings.


Essential Functions:


1. Management


Lead others and work effectively with store crews


Supervise, assign and direct activities of the store’s crew


Effectively communicate information to store crew and supervisors in an open and timely manner


Support Store Manager with actions plans for operational and service improvement


2. Customer Service


Assist customers with their questions, problems and complaints


Promote CVS customer service culture (greet, offer help, and thank)

 **Required Qualifications**

* Deductive reasoning ability, advanced analytical skills and computer skills.
* Advanced communication skills, leadership, supervision, and influencing skill
* Ability to work a full-time flexible schedule, including some early morning, overnight and weekend shifts, to work overtime as needed, and to respond to urgent issues at the store when they arise

 **Preferred Qualifications**

* Experience as a retail manager or supervisor

 **Education**


High School diploma or equivalent preferred but not required.

**Pay Range**


The typical pay range for this role is:


$17.50 - $31.00
This pay range represents the base hourly rate or base annual full-time salary for all positions in the job grade within which this position falls. The actual base salary offer will depend on a variety of factors including experience, education, geography and other relevant factors.  

  

In addition to your compensation, enjoy the rewards of an organization that puts our heart into caring for our colleagues and our communities. The Company offers a full range of medical, dental, and vision benefits. Eligible employees may enroll in the Company’s 401(k) retirement savings plan, and an Employee Stock Purchase Plan is also available for eligible employees. The Company provides a fully-paid term life insurance plan to eligible employees, and short-term and long term disability benefits. CVS Health also offers numerous well-being programs, education assistance, free development courses, a CVS store discount, and discount programs with participating partners. As for time off, Company employees enjoy Paid Time Off (“PTO”) or vacation pay, as well as paid holidays throughout the calendar year. Number of paid holidays, sick time and other time off are provided consistent with relevant state law and Company policies.  

  

For more detailed information on available benefits, please visit Benefits | CVS Health


We anticipate the application window for this opening will close on: 11/30/2024
Qualified applicants with arrest or conviction records will be considered for employment in accordance with all federal, state and local laws.","https://www.indeed.com/cmp/CVS-Health","https://jobs.cvshealth.com","Woonsocket, RI","10,000+","more than $10B (USD)","CVS Health is a pharmacy innovation company with a simple and clear purpose: Helping people on their path to better health.","https://d2q79iu7y748jz.cloudfront.net/s/_squarelogo/256x256/ef487bd4918a595f3e86081a6c389d41","https://d2q79iu7y748jz.cloudfront.net/s/_headerimage/1960x400/05de73ba6e56595e6536c0813863346f","Karen S. Lynch, President & CEO","https://d2q79iu7y748jz.cloudfront.net/s/_ceophoto/512x512/420776d51ccef75f2d7b08478dfc4c0f"
"b3a6715efd8f6750","indeed","https://www.indeed.com/viewjob?jk=b3a6715efd8f6750","https://jobs.smartsearchonline.com/urbanhealth/jobs/jobdetails.asp?da=_202408&refid=553_3416&job_number=3416&sourcename=Indeed","Medical Assistant - Queens, NY (Bilingual English and Bengali, Bangla, Mandarin or Cantonese)","Urban Health Plan, Inc","Corona, NY, US","fulltime","2024-08-01","","","","","",False,"","","","","","**Position Summary:**
We are seeking full time **Certified Medical Assistants (Bilingual English and Bengali, Bangla, Mandarin, or Cantonese)** to join our team at **Plaza del Sol Family Health Center (PDS)!** As a Medical Assistant at PDS, you will support providers in the areas of internal medicine, pediatrics, OB/GYN, and other support services.**Minimum Qualifications:*** High School Diploma required along with Medical Assistant Certificate from accredited program.
* Ideally 1 year of previous experience working in healthcare setting.
* Bilingual in English and either Bengali/Bangla, Mandarin, or Cantonese is required.
* Flexible work schedule
* Proficiency with computers and software (previous experience with electronic health records is a plus)
* Strong communication skills both orally and written.
* Ability to multi-task.
* Kindness, compassion, and patient-focused.

**Key Duties:*** Prepares examination rooms, maintains inventory, and sterilizes instruments.
* Obtain vital signs, chief complaint, and medical history and accurately records in medical records.
* Assists providers during all aspects of exams.
* Assists provider with treatments.
* Maintains clinical logs including glucometers and room logs.
* Performs CLIA Waived testing, EKGs, and Nitric Oxide tests.
* Registers and verifies patient demographics.
* Schedules appointments and recalls patients for required services.

**Starting Compensation:** Minimum: $21.00/hour ($43,680 annually); Maximum: $21.00/hour ($43,680 annually)**As a full time associate at Urban Health Plan, you'll enjoy:*** Fully funded Health Insurance for you/73.5% funded Health Insurance for your family
* Dental, Vision, and prescription Coverage
* 401(k) Retirement Savings (including 3% annual employer contribution)
* Comprehensive time off including paid vacation, personal time, sick time, and paid holidays (including your birthday!)
* Flex Spending Accounts (Health care, Dependent Care, and Commuter Benefits)
* Entertainment Discount Programs
* Employee Assistant Programs
* Pet Insurance
* Eligibility to apply for Public Service Loan Forgiveness Program (PSLF)
* Fitness Discounts and Perks through our medical plan
* $50,000 term life Insurance

**Work Environment Type, Location, and Schedule:**
Based in Corona, Queens, PDS is our second largest health center and has over a decade of history providing comprehensive primary care services to the Corona community. Candidates must possess availability to work shifts that fall between the hours of 7am-6pm between Mondays and Saturdays (5 day shifts).**About Urban Health Plan:**
At Urban Health Plan (UHP) our mission is to continuously improve the health of communities and the quality of life of the people we serve by providing affordable, comprehensive, quality, primary and specialty health care and by assuring the performance and advancement of innovative best practices. At UHP, our commitment to provide patient-centered, holistic, quality health care, is part of a tradition started by our founder, Dr. Richard Izquierdo, more than 40 years ago. That tradition continues today by promoting excellence in everything that we do.  

*UHP is an equal opportunity employer. M/F/D/V. All qualified applicants will receive consideration for employment without regard to race, color, creed, religion, sex, sexual orientation, gender identity, gender expression, national origin/ancestry, citizenship status, disability, age, marital or family status, and military or veteran status.*","https://www.indeed.com/cmp/Urban-Health-Plan,-Inc","","","","","","https://d2q79iu7y748jz.cloudfront.net/s/_squarelogo/256x256/98caa658acca02b547a0462afd377cde","","",""
